Activity ID,Activity Date,Activity Name,Activity Type,Activity Description,Elapsed Time,Min_Per_KM,Distance,Max Heart Rate,Relative Effort,Commute,Activity Private Note,Activity Gear,Filename,Athlete Weight,Bike Weight,Elapsed Time.1,Moving Time,Distance.1,Max Speed,Average Speed,Elevation Gain,Elevation Loss,Elevation Low,Elevation High,Max Grade,Average Grade,Average Positive Grade,Average Negative Grade,Max Cadence,Average Cadence,Max Heart Rate.1,Average Heart Rate,Max Watts,Average Watts,Calories,Max Temperature,Average Temperature,Relative Effort.1,Total Work,Number of Runs,Uphill Time,Downhill Time,Other Time,Perceived Exertion,Type,Start Time,Weighted Average Power,Power Count,Prefer Perceived Exertion,Perceived Relative Effort,Commute.1,Total Weight Lifted,From Upload,Grade Adjusted Distance,Weather Observation Time,Weather Condition,Weather Temperature,Apparent Temperature,Dewpoint,Humidity,Weather Pressure,Wind Speed,Wind Gust,Wind Bearing,Precipitation Intensity,Sunrise Time,Sunset Time,Moon Phase,Bike,Gear,Precipitation Probability,Precipitation Type,Cloud Cover,Weather Visibility,UV Index,Weather Ozone,Jump Count,Total Grit,Average Flow,Flagged,Average Elapsed Speed,Dirt Distance,Newly Explored Distance,Newly Explored Dirt Distance,Activity Count,Total Steps,Carbon Saved,Pool Length,Training Load,Intensity,Average Grade Adjusted Pace,Timer Time,Total Cycles,Media
11342862313,"May 6, 2024, 5:03:52 AM",Afternoon Run,Run,,2.0,0:00,0.0,195.0,,False,,,activities/11342862313.gpx,,,2.0,0.0333333333333333,0.0,0.0,0.0,0.0,0.0,18.100000381469727,18.100000381469727,0.0,0.0,,,,,,,,,,,,,,,,,,,,,,,,,0.0,,1.0,0.0,,,,,,,,,,,,,,,,,,,,,,,,,,0.0,0.0,0.0,,,,,,,,,0.0,,,
11343221672,"May 6, 2024, 6:27:48 AM",Afternoon Run,Run,,2008.0,4:46,7.0,194.0,,False,,,activities/11343221672.gpx,,,2008.0,33.46666666666667,7006.2998046875,5.0239996910095215,3.4891932010650635,2.206249952316284,2.206249952316284,6.199999809265137,8.5,2.463018655776977,-0.00142728688661,,,,,,,,,,,,,,,,,,,,,,,,,0.0,,1.0,7010.10009765625,,,,,,,,,,,,,,,,,,,,,,,,,,0.0,3.4891932010650635,0.0,,,,5156.0,,,,,3.491085767745972,,,
11350554993,"May 7, 2024, 6:32:17 AM",Afternoon Run,Run,,1384.0,4:36,5.0,193.0,,False,,,activities/11350554993.gpx,,,1384.0,23.066666666666663,5001.8798828125,5.794000148773193,3.614074945449829,2.0176470279693604,2.0176470279693604,6.400000095367432,8.5,3.835026502609253,0.0079969931393861,,,,,,,,,,,,,,,,,,,,,,,,,0.0,,1.0,5006.2001953125,,,,,,,,,,,,,,,,,,,,,,,,,,0.0,3.614074945449829,146.3000030517578,,,,3640.0,,,,,3.617196559906006,,,
11366570793,"May 9, 2024, 6:24:55 AM",Afternoon Run,Run,,3131.0,5:09,10.0,192.0,,False,,,activities/11366570793.gpx,,,3131.0,51.55,10004.08984375,4.930078029632568,3.234429359436035,5.01993465423584,5.01993465423584,7.5,10.800000190734863,5.185184955596924,-0.0009995911968871,,,,,,,,,,,,,,,,,,,,,,,,,0.0,,1.0,10011.2001953125,,,,,,,,,,,,,,,,,,,,,,,,,,0.0,3.195173978805542,956.5,,,,8042.0,,,,,3.2367281913757324,,,
11398199931,"May 13, 2024, 5:56:02 AM",Afternoon Run,Run,,1363.0,4:32,5.01,191.0,,False,,,activities/11398199931.gpx,,,1363.0,22.716666666666665,5010.080078125,4.997998237609863,3.675774097442627,0.0,0.0,6.599999904632568,8.199999809265137,2.250549554824829,0.0019959760829806,,,,,,,,,,,,,,,,,,,,,,,,,0.0,,1.0,5013.60009765625,,,,,,,,,,,,,,,,,,,,,,,,,,0.0,3.675774097442627,0.0,,,,3664.0,,,,,3.678356647491455,,,
11406279978,"May 14, 2024, 7:10:14 AM",Afternoon Run,Run,,1957.0,4:30,7.2,190.0,,False,,,activities/11406279978.gpx,,,1957.0,32.483333333333334,7205.56982421875,5.528002738952637,3.6970598697662354,2.7699248790740967,2.7699248790740967,7.300000190734863,10.800000190734863,2.5461504459381104,-0.0027756306808441,,,,,,,,,,,,,,,,,,,,,,,,,0.0,,1.0,7209.5,,,,,,,,,,,,,,,,,,,,,,,,,,0.0,3.6819467544555664,574.5999755859375,,,,5170.0,,,,,3.699076414108277,,,
11422062859,"May 16, 2024, 6:15:43 AM",Afternoon Run,Run,,2792.0,4:38,10.01,189.0,,False,,,activities/11422062859.gpx,,,2792.0,46.41666666666666,10015.26953125,5.165999889373779,3.596147060394287,0.0,0.0,7.300000190734863,9.0,1.4433376789093018,0.0,,,,,,,,,,,,,,,,,,,,,,,,,0.0,,1.0,10019.7998046875,,,,,,,,,,,,,,,,,,,,,,,,,,0.0,3.5871310234069824,0.0,,,,7374.0,,,,,3.597773790359497,,,
11443968120,"May 19, 2024, 5:30:49 AM",Afternoon Run,Run,,1331.0,4:24,5.02,188.0,,False,,,activities/11443968120.gpx,,,1331.0,22.133333333333333,5022.18017578125,5.766000270843506,3.78176212310791,0.0,0.0,7.300000190734863,8.5,1.609007477760315,0.0,,,,,,,,,,,,,,,,,,,,,,,,,0.0,,1.0,5024.2001953125,,,,,,,,,,,,,,,,,,,,,,,,,,0.0,3.773238182067871,0.0,,,,3584.0,,,,,3.783283233642578,,,
11452590333,"May 20, 2024, 6:40:58 AM",Afternoon Run,Run,,180.0,5:21,0.56,187.0,,False,,,activities/11452590333.gpx,,,180.0,3.0,567.510009765625,4.305999755859375,3.1528334617614746,0.0,0.0,7.199999809265137,7.800000190734863,0.9394081234931946,-0.088104173541069,,,,,,,,,,,,,,,,,,,,,,,,,0.0,,1.0,566.9000244140625,,,,,,,,,,,,,,,,,,,,,,,,,,0.0,3.1528334617614746,0.0,,,,450.0,,,,,3.149444341659546,,,
11452887109,"May 20, 2024, 6:51:04 AM",Afternoon Run,Run,,4088.0,5:14,13.01,186.0,,False,,,activities/11452887109.gpx,,,4088.0,68.13333333333334,13017.6396484375,4.558007717132568,3.184354066848755,2.2555556297302246,2.2555556297302246,6.199999809265137,8.5,3.706451892852783,0.0015363768907263,,,,,,,,,,,,,,,,,,,,,,,,,0.0,,1.0,13024.2998046875,,,,,,,,,,,,,,,,,,,,,,,,,,0.0,3.184354066848755,0.0,,,,10750.0,,,,,3.185983419418335,,,
11476472055,"May 23, 2024, 6:00:35 AM",Afternoon Run,Run,,1285.0,4:15,5.02,185.0,,False,,,activities/11476472055.gpx,,,1285.0,21.416666666666668,5020.5498046875,5.414965629577637,3.9070427417755127,0.0,0.0,7.300000190734863,8.5,1.9398646354675293,0.0,,,,,,,,,,,,,,,,,,,,,,,,,0.0,,1.0,5022.5,1716444032.0,2.0,14.390000343322754,13.710000038146973,8.300000190734863,0.6700000166893005,1027.22998046875,1.2899999618530271,2.190000057220459,182.0,0.0,1716412800.0,1716448384.0,0.375,,,0.3100000023841858,5.0,0.5199999809265137,35933.0,0.0,,,,,0.0,3.9070427417755127,0.0,,,,3442.0,,,,,3.908560276031494,,,
11490413643,"May 25, 2024, 3:44:19 AM",Afternoon Run,Run,,2983.0,4:57,10.02,195.0,,False,,,activities/11490413643.gpx,,,2983.0,49.61666666666667,10021.1201171875,4.970000267028809,3.366180658340454,0.0,0.0,7.199999809265137,9.0,1.5810246467590332,0.0,,,,,,,,,,,,,,,,,,,,,,,,,0.0,,1.0,10025.599609375,1716605952.0,2.0,15.6899995803833,15.119999885559082,9.710000038146973,0.6800000071525574,1026.47998046875,0.5099999904632568,2.549999952316284,260.0,0.0,1716585728.0,1716621184.0,0.625,,,0.0,1.0,0.4699999988079071,30673.0,2.0,,,,,0.0,3.359410047531128,0.0,,,,7886.0,,,,,3.367685556411743,,,
11552679565,"Jun 2, 2024, 6:41:22 AM",Afternoon Run,Run,,1473.0,4:27,5.41,194.0,,False,,,activities/11552679565.gpx,,,1473.0,24.1,5410.27978515625,5.53399658203125,3.741549015045166,0.0,0.0,7.300000190734863,8.5,2.194589376449585,-0.0036966665647923,,,,,,,,,,,,,,,,,,,,,,,,,0.0,,1.0,5412.2998046875,1717308032.0,2.0,13.350000381469728,12.510000228881836,6.03000020980835,0.6100000143051147,1023.3200073242188,4.130000114440918,7.099999904632568,174.0,0.0,1717277184.0,1717312128.0,0.875,,,0.4000000059604645,5.0,0.5199999809265137,38102.0,0.0,,,,,0.0,3.672966480255127,110.6999969482422,,,,3808.0,,,,,3.742946147918701,,,
11576291430,"Jun 5, 2024, 1:42:30 AM",Lunch Run,Run,,1369.0,4:33,5.01,193.0,,False,,,activities/11576291430.gpx,,,1369.0,22.816666666666663,5013.35986328125,4.893994331359863,3.662059783935547,0.0,0.0,7.300000190734863,8.5,1.883239984512329,0.0,,,,,,,,,,,,,,,,,,,,,,,,,0.0,,1.0,5015.2998046875,1717549184.0,3.0,11.670000076293944,11.039999961853027,8.09000015258789,0.7900000214576721,1023.0900268554688,2.0799999237060547,4.010000228881836,241.0,0.0,1717536512.0,1717571328.0,0.875,,,0.0,1.0,0.9800000190734864,33984.03125,1.0,,,,,0.0,3.662059783935547,0.0,,,,3628.0,,,,,3.663476943969727,,,
11736571669,"Jun 25, 2024, 3:20:43 PM",Evening Run,Run,,284.0,4:23,1.05,192.0,,False,,,activities/11736571669.gpx,,,284.0,4.616666666666666,1058.9599609375,4.75,3.822960138320923,2.6466667652130127,2.6466667652130127,38.900001525878906,56.5,3.8548038005828857,-1.643121600151062,,,,,,,,,,,,,,,,,,,,,,,,,0.0,,1.0,1025.9000244140625,,,,,,,,,,,,,,,,,,,,,,,,,,0.0,3.7287323474884033,963.5,,,,712.0,,,,,3.703610181808472,,,
11752985773,"Jun 27, 2024, 3:30:30 PM",Evening Run,Run,,1108.0,4:35,4.01,191.0,,False,,,activities/11752985773.gpx,,,1108.0,18.416666666666668,4014.330078125,5.257999897003174,3.632877826690674,38.01333236694336,38.01333236694336,32.79999923706055,56.400001525878906,7.259515285491943,-0.0174375288188457,,,,,,,,,,,,,,,,,,,,,,,,,0.0,,1.0,4056.5,,,,,,,,,,,,,,,,,,,,,,,,,,0.0,3.62304162979126,3433.800048828125,,,,2878.0,,,,,3.671040773391724,,,
11815574700,"Jul 5, 2024, 3:41:08 PM",Evening Run,Run,,2878.0,4:47,10.02,190.0,,False,,,activities/11815574700.gpx,,,2878.0,47.96666666666667,10020.5302734375,5.459997653961182,3.4817686080932617,83.62055969238281,83.63014221191406,13.899999618530272,56.0,5.899831295013428,-0.127737745642662,,,,,,,,,,,,,,,,,,,,,,,,,0.0,,1.0,10080.0,,,,,,,,,,,,,,,,,,,,,,,,,,0.0,3.4817686080932617,8728.400390625,,,,7548.0,,,,,3.502432346343994,,,
11823421920,"Jul 6, 2024, 4:02:35 PM",Evening Run,Run,,1413.0,4:28,3.47,189.0,,False,,,activities/11823421920.gpx,,,1413.0,15.55,3476.52001953125,5.516015529632568,3.726173639297485,23.45355224609375,23.45355224609375,27.700000762939453,56.0,24.325551986694336,-0.379690021276474,,,,,,,,,,,,,,,,,,,,,,,,,0.0,,1.0,3482.199951171875,,,,,,,,,,,,,,,,,,,,,,,,,,0.0,2.4603822231292725,2728.800048828125,,,,2440.0,,,,,3.7322614192962646,,,
11847543562,"Jul 9, 2024, 4:27:19 PM",Evening Run,Run,,1951.0,4:37,7.03,188.0,,False,,,activities/11847543562.gpx,,,1951.0,32.516666666666666,7032.330078125,5.823998928070068,3.6044747829437256,56.367977142333984,56.38226318359375,12.199999809265137,56.0,6.25004243850708,0.0042660115286707,,,,,,,,,,,,,,,,,,,,,,,,,0.0,,1.0,7091.2998046875,,,,,,,,,,,,,,,,,,,,,,,,,,0.0,3.6044747829437256,4397.2998046875,,,,5108.0,,,,,3.634700059890747,,,
11870863091,"Jul 12, 2024, 3:03:19 PM",Evening Run,Run,,2085.0,4:40,7.2,187.0,,False,,,activities/11870863091.gpx,,,2085.0,33.61666666666667,7199.41015625,6.808007717132568,3.5693655014038086,64.25275421142578,64.25275421142578,13.899999618530272,56.0,6.325282573699951,-0.0986191928386688,,,,,,,,,,,,,,,,,,,,,,,,,0.0,,1.0,7259.2998046875,,,,,,,,,,,,,,,,,,,,,,,,,,0.0,3.4529545307159424,6386.39990234375,,,,5242.0,,,,,3.599057912826538,,,
11888079063,"Jul 14, 2024, 4:30:07 PM",Evening Run,Run,,909.0,4:29,3.37,186.0,,False,,,activities/11888079063.gpx,,,909.0,15.15,3374.840087890625,5.4739990234375,3.712695360183716,31.13809967041016,31.13809967041016,32.599998474121094,56.0,7.514429569244385,-0.219269648194313,,,,,,,,,,,,,,,,,,,,,,,,,0.0,,1.0,3407.10009765625,,,,,,,,,,,,,,,,,,,,,,,,,,0.0,3.712695360183716,2571.89990234375,,,,2368.0,,,,,3.7481849193573,,,
11928171065,"Jul 19, 2024, 2:44:48 PM",Evening Run,Run,,2230.0,4:47,7.56,185.0,,False,,,activities/11928171065.gpx,,,2230.0,36.28333333333333,7568.76025390625,5.211999416351318,3.476692676544189,66.9052963256836,66.9052963256836,13.899999618530272,56.0,6.241591930389404,-0.0964490845799446,,,,,,,,,,,,,,,,,,,,,,,,,0.0,,1.0,7629.39990234375,,,,,,,,,,,,,,,,,,,,,,,,,,0.0,3.394062757492065,6768.5,,,,5604.0,,,,,3.504547595977783,,,
11970437136,"Jul 24, 2024, 3:53:12 PM",Evening Run,Run,,1804.0,4:36,6.53,195.0,,False,,,activities/11970437136.gpx,,,1804.0,30.066666666666663,6537.93017578125,5.156000137329102,3.6241297721862793,56.56097412109375,56.56097412109375,13.899999618530272,56.0,5.527026176452637,-0.021413505077362,,,,,,,,,,,,,,,,,,,,,,,,,0.0,,1.0,6587.0,,,,,,,,,,,,,,,,,,,,,,,,,,0.0,3.6241297721862793,6143.89990234375,,,,4696.0,,,,,3.6513304710388175,,,
12062386948,"Aug 4, 2024, 4:30:22 PM",Evening Run,Run,,1276.0,4:33,4.67,194.0,,False,,,activities/12062386948.gpx,,,1276.0,21.266666666666666,4678.77001953125,5.745995998382568,3.666747570037842,48.64867401123047,48.64867401123047,15.800000190734863,56.0,6.145433902740479,-0.1560239046812057,,,,,,,,,,,,,,,,,,,,,,,,,0.0,,1.0,4727.39990234375,,,,,,,,,,,,,,,,,,,,,,,,,,0.0,3.666747570037842,3812.5,,,,3268.0,,,,,3.7048590183258057,,,
12078730219,"Aug 6, 2024, 3:56:53 PM",Evening Run,Run,,2268.0,4:36,8.02,193.0,,False,,,activities/12078730219.gpx,,,2268.0,36.91666666666666,8028.22021484375,5.555999755859375,3.624478578567505,57.66154861450195,57.66154861450195,13.100000381469728,56.400001525878906,5.517241477966309,-0.0336313657462596,,,,,,,,,,,,,,,,,,,,,,,,,0.0,,1.0,8080.7001953125,,,,,,,,,,,,,,,,,,,,,,,,,,0.0,3.539779663085937,4075.199951171875,,,,5710.0,,,,,3.6481716632843018,,,
12096392692,"Aug 8, 2024, 4:03:36 PM",Evening Run,Run,,1698.0,4:42,6.01,192.0,,False,,,activities/12096392692.gpx,,,1698.0,28.3,6016.39990234375,5.710000038146973,3.543227195739746,48.06325149536133,48.06325149536133,25.39999961853028,56.0,5.651993751525879,0.0,,,,,,,,,,,,,,,,,,,,,,,,,0.0,,1.0,6067.60009765625,,,,,,,,,,,,,,,,,,,,,,,,,,0.0,3.543227195739746,4272.60009765625,,,,4396.0,,,,,3.573380470275879,,,
12121648057,"Aug 11, 2024, 4:08:48 PM",Evening Run,Run,,1349.0,4:29,5.01,191.0,,False,,,activities/12121648057.gpx,,,1349.0,22.48333333333333,5014.43017578125,5.146008491516113,3.717146158218384,51.05734634399414,51.0663948059082,14.0,56.0,20.77869415283203,-0.1276316493749618,,,,,,,,,,,,,,,,,,,,,,,,,0.0,,1.0,5066.10009765625,,,,,,,,,,,,,,,,,,,,,,,,,,0.0,3.717146158218384,4244.39990234375,,,,3514.0,,,,,3.755448579788208,,,
12138152868,"Aug 13, 2024, 4:01:45 PM",Evening Run,Run,,2291.0,4:43,8.01,190.0,,False,,,activities/12138152868.gpx,,,2291.0,37.78333333333333,8016.89013671875,5.514013767242432,3.5363433361053467,65.10281372070312,65.10281372070312,12.199999809265137,56.0,5.745233058929443,-0.0885630175471305,,,,,,,,,,,,,,,,,,,,,,,,,0.0,,1.0,8062.0,,,,,,,,,,,,,,,,,,,,,,,,,,0.0,3.499297380447388,4979.7001953125,,,,5824.0,,,,,3.556241750717163,,,
12155466030,"Aug 15, 2024, 4:09:41 PM",Evening Run,Run,,1330.0,4:34,4.84,189.0,,False,,,activities/12155466030.gpx,,,1330.0,22.166666666666668,4847.5400390625,5.625999927520752,3.644767045974731,45.197998046875,45.197998046875,26.0,56.0,5.937276840209961,0.0103145102038979,,,,,,,,,,,,,,,,,,,,,,,,,0.0,,1.0,4907.39990234375,,,,,,,,,,,,,,,,,,,,,,,,,,0.0,3.644767045974731,3930.0,,,,3444.0,,,,,3.689774513244629,,,
12222538410,"Aug 23, 2024, 3:13:20 PM",Evening Run,Run,,27.0,0:00,0.0,188.0,,False,,,activities/12222538410.gpx,,,27.0,0.0,0.0,0.0,0.0,0.0,0.0,56.0,56.0,0.0,0.0,,,,,,,,,,,,,,,,,,,,,,,,,0.0,,1.0,0.0,,,,,,,,,,,,,,,,,,,,,,,,,,0.0,0.0,0.0,,,,,,,,,,,,
12222731389,"Aug 23, 2024, 3:17:34 PM",Evening Run,Run,,1383.0,4:33,5.01,187.0,,False,,,activities/12222731389.gpx,,,1383.0,22.866666666666667,5010.69970703125,5.760000228881836,3.652113676071167,49.93099212646485,49.93099212646485,13.899999618530272,56.0,8.02468490600586,-0.1436925083398819,,,,,,,,,,,,,,,,,,,,,,,,,0.0,,1.0,5057.89990234375,,,,,,,,,,,,,,,,,,,,,,,,,,0.0,3.623065710067749,4598.2998046875,,,,3612.0,,,,,3.686516046524048,,,
12231598460,"Aug 24, 2024, 3:53:12 PM",Evening Run,Run,,1756.0,4:21,6.63,186.0,,False,,,activities/12231598460.gpx,,,1756.0,28.866666666666667,6634.56005859375,5.752001762390137,3.830577373504639,63.0724983215332,63.0816650390625,13.899999618530272,56.0,5.976944446563721,-0.1085226461291313,,,,,,,,,,,,,,,,,,,,,,,,,0.0,,1.0,6690.89990234375,,,,,,,,,,,,,,,,,,,,,,,,,,0.0,3.7782232761383057,6137.0,,,,4506.0,,,,,3.86310625076294,,,
12290827706,"Aug 31, 2024, 3:14:05 PM",Evening Run,Run,,2562.0,4:33,9.04,185.0,,False,,,activities/12290827706.gpx,,,2562.0,41.13333333333333,9041.2197265625,6.089990139007568,3.663379192352295,74.00750732421875,74.01300048828125,12.199999809265137,56.0,9.209538459777832,0.0165906809270381,,,,,,,,,,,,,,,,,,,,,,,,,0.0,,1.0,9113.099609375,,,,,,,,,,,,,,,,,,,,,,,,,,0.0,3.5289695262908936,6112.89990234375,,,,6444.0,,,,,3.692504167556762,,,
12316043956,"Sep 3, 2024, 3:25:58 PM",Evening Run,Run,,2186.0,4:46,3.69,195.0,,False,,,activities/12316043956.gpx,,,2186.0,17.616666666666667,3698.0400390625,4.831999778747559,3.4986188411712646,36.22151184082031,36.22151184082031,26.0,56.0,10.506208419799805,-0.121686078608036,,,,,,,,,,,,,,,,,,,,,,,,,0.0,,1.0,3739.5,,,,,,,,,,,,,,,,,,,,,,,,,,0.0,1.691692590713501,3168.89990234375,,,,2708.0,,,,,3.5378429889678955,,,
12400553689,"Sep 13, 2024, 3:05:28 PM",Evening Run,Run,,2492.0,4:36,8.26,194.0,,False,,,activities/12400553689.gpx,,,2492.0,38.06666666666667,8267.5498046875,5.746008396148682,3.619767904281616,71.02542877197266,71.02542877197266,12.199999809265137,56.0,5.486938953399658,0.016933673992753,,,,,,,,,,,,,,,,,,,,,,,,,0.0,,1.0,8337.099609375,,,,,,,,,,,,,,,,,,,,,,,,,,0.0,3.317636251449585,5333.2001953125,,,,5936.0,,,,,3.650218963623047,,,
12418108875,"Sep 15, 2024, 3:39:40 PM",Evening Run,Run,,1809.0,4:31,6.05,193.0,,False,,,activities/12418108875.gpx,,,1809.0,27.33333333333333,6055.4599609375,5.176001071929932,3.6923537254333496,57.5608024597168,57.5608024597168,13.899999618530272,56.0,5.769217014312744,0.0231196302920579,,,,,,,,,,,,,,,,,,,,,,,,,0.0,,1.0,6109.89990234375,,,,,,,,,,,,,,,,,,,,,,,,,,0.0,3.347407341003418,5497.5,,,,4274.0,,,,,3.72554874420166,,,
12433852022,"Sep 17, 2024, 3:26:28 PM",Evening Run,Run,,2374.0,4:41,8.12,192.0,,False,,,activities/12433852022.gpx,,,2374.0,38.1,8126.330078125,5.885998725891113,3.5548250675201416,71.10041809082031,71.10041809082031,12.199999809265137,56.0,9.497963905334473,0.0172279495745897,,,,,,,,,,,,,,,,,,,,,,,,,0.0,,1.0,8221.5,,,,,,,,,,,,,,,,,,,,,,,,,,0.0,3.423053979873657,5323.89990234375,,,,5962.0,,,,,3.59645676612854,,,
12459255309,"Sep 20, 2024, 2:20:49 PM",Evening Run,Run,,2657.0,4:40,8.78,191.0,,False,,,activities/12459255309.gpx,,,2657.0,41.03333333333333,8784.4697265625,5.343945503234863,3.568021774291992,73.69140625,73.69140625,12.199999809265137,56.0,9.41915225982666,0.015937216579914,,,,,,,,,,,,,,,,,,,,,,,,,0.0,,1.0,8859.099609375,,,,,,,,,,,,,,,,,,,,,,,,,,0.0,3.306160926818848,5952.10009765625,,,,6384.0,,,,,3.598334789276123,,,
12598164470,"Oct 7, 2024, 2:49:46 PM",Evening Run,Run,,2108.0,4:34,7.08,190.0,,False,,,activities/12598164470.gpx,,,2108.0,32.416666666666664,7081.97998046875,5.515917778015137,3.6411209106445312,58.7789192199707,58.7789192199707,12.199999809265137,56.0,10.48218059539795,0.0,,,,,,,,,,,,,,,,,,,,,,,,,0.0,,1.0,7142.0,,,,,,,,,,,,,,,,,,,,,,,,,,0.0,3.3595731258392334,4349.89990234375,,,,5116.0,,,,,3.671979427337648,,,
12614500627,"Oct 9, 2024, 2:45:35 PM",Evening Run,Run,,2128.0,4:36,7.33,189.0,,False,,,activities/12614500627.gpx,,,2128.0,33.75,7329.0498046875,5.410058498382568,3.61928391456604,61.5854606628418,61.5854606628418,12.199999809265137,56.0,6.037735939025879,-0.0723149701952934,,,,,,,,,,,,,,,,,,,,,,,,,0.0,,1.0,7395.10009765625,,,,,,,,,,,,,,,,,,,,,,,,,,0.0,3.4441022872924805,4737.2998046875,,,,5280.0,,,,,3.651901245117188,,,
12670298694,"Oct 16, 2024, 3:12:44 PM",Evening Run,Run,,1812.0,4:32,5.67,188.0,,False,,,activities/12670298694.gpx,,,1812.0,25.75,5676.580078125,5.538000583648682,3.674161911010742,51.13556289672852,51.13556289672852,13.899999618530272,56.0,21.339683532714844,-0.0704649612307548,,,,,,,,,,,,,,,,,,,,,,,,,0.0,,1.0,5716.2998046875,,,,,,,,,,,,,,,,,,,,,,,,,,0.0,3.132770538330078,5320.7001953125,,,,4036.0,,,,,3.699870586395264,,,
12682443650,"Oct 18, 2024, 4:53:33 AM",Morning Run,Run,,1473.0,4:25,5.01,187.0,,False,,,activities/12682443650.gpx,,,1473.0,22.2,5013.35986328125,7.359997749328613,3.763783693313599,4.535714149475098,4.535714149475098,7.199999809265137,24.89999961853028,3.3068525791168213,-0.3191472589969635,,,,,,,,,,,,,,,,,,,,,,,,,0.0,,1.0,4993.0,,,,,,,,,,,,,,,,,,,,,,,,,,0.0,3.403502941131592,532.0,,,,3496.0,,,,,3.7484984397888175,,,
12710078355,"Oct 21, 2024, 4:22:33 PM",Evening Run,Run,,1859.0,4:50,5.92,186.0,,False,,,activities/12710078355.gpx,,,1859.0,28.633333333333333,5927.7099609375,5.03600025177002,3.450355052947998,35.82831954956055,35.867794036865234,19.299999237060547,56.0,15.479878425598145,-0.0910975709557533,,,,,,,,,,,,,,,,,,,,,,,,,0.0,,1.0,5975.89990234375,,,,,,,,,,,,,,,,,,,,,,,,,,0.0,3.188655138015747,3503.800048828125,,,,4412.0,,,,,3.478405237197876,,,
12713920049,"Oct 22, 2024, 4:19:02 AM",Morning Run,Run,,2112.0,4:47,5.59,185.0,,False,,,activities/12713920049.gpx,,,2112.0,26.78333333333333,5593.68017578125,4.869921684265137,3.4808216094970703,49.78303527832031,49.78303527832031,13.899999618530272,56.0,22.590726852416992,-0.1144148334860801,,,,,,,,,,,,,,,,,,,,,,,,,0.0,,1.0,5650.39990234375,,,,,,,,,,,,,,,,,,,,,,,,,,0.0,2.6485228538513184,5192.10009765625,,,,4244.0,,,,,3.5161170959472656,,,
12758793979,"Oct 27, 2024, 2:48:33 PM",Afternoon Run,Run,,2337.0,4:44,8.17,195.0,,False,,,activities/12758793979.gpx,,,2337.0,38.73333333333333,8171.830078125,5.098046779632568,3.516278028488159,63.44163131713867,63.44163131713867,12.199999809265137,56.0,6.010491847991943,-0.0746466815471649,,,,,,,,,,,,,,,,,,,,,,,,,0.0,,1.0,8237.599609375,,,,,,,,,,,,,,,,,,,,,,,,,,0.0,3.496717929840088,5518.7998046875,,,,6012.0,,,,,3.544578313827514,,,
12782226577,"Oct 30, 2024, 2:46:55 PM",Afternoon Run,Run,,2530.0,4:48,8.68,194.0,,False,,,activities/12782226577.gpx,,,2530.0,41.66666666666666,8682.400390625,5.179999828338623,3.4729599952697754,75.69794464111328,75.69794464111328,13.699999809265137,56.09999847412109,6.92307710647583,-0.0679535642266273,,,,,,,,,,,,,,,,,,,,,,,,,0.0,,1.0,8774.7001953125,,,,,,,,,,,,,,,,,,,,,,,,,,0.0,3.4317786693573,7073.2998046875,,,,6428.0,,,,,3.5098800659179688,,,
12814187621,"Nov 3, 2024, 2:38:11 PM",Afternoon Run,Run,,2127.0,4:23,8.01,193.0,,False,,,activities/12814187621.gpx,,,2127.0,35.13333333333333,8015.7001953125,5.340000152587891,3.802514314651489,58.26911163330078,58.26911163330078,13.199999809265137,56.09999847412109,5.238095283508301,0.0074853100813925,,,,,,,,,,,,,,,,,,,,,,,,,0.0,,1.0,8078.10009765625,,,,,,,,,,,,,,,,,,,,,,,,,,0.0,3.768547296524048,4235.0,,,,5504.0,,,,,3.832115650177002,,,
12844975184,"Nov 7, 2024, 2:29:32 PM",Afternoon Run,Run,,1264.0,5:11,4.01,192.0,,False,,,activities/12844975184.gpx,,,1264.0,20.816666666666663,4010.89990234375,4.739999771118164,3.211288928985596,37.617305755615234,37.617305755615234,28.100000381469727,56.09999847412109,6.0,0.0,,,,,,,,,,,,,,,,,,,,,,,,,0.0,,1.0,4050.800048828125,,,,,,,,,,,,,,,,,,,,,,,,,,0.0,3.173180341720581,3682.39990234375,,,,3148.0,,,,,3.243234634399414,,,
12849510040,"Nov 8, 2024, 3:35:17 AM",Morning Run,Run,,5576.0,4:57,18.67,191.0,,False,,,activities/12849510040.gpx,,,5576.0,92.68333333333334,18670.599609375,10.286666870117188,3.357417821884156,20.943422317504883,20.943422317504883,4.199999809265137,15.100000381469728,3.658536672592163,0.0,,,,,,,,,,,,,,,,,,,,,,,,,0.0,,1.0,18704.69921875,,,,,,,,,,,,,,,,,,,,,,,,,,0.0,3.34838604927063,3699.0,,,,14444.0,,,,,3.3635497093200684,,,
12888783211,"Nov 13, 2024, 3:41:51 AM",Morning Run,Run,,6533.0,4:57,21.89,190.0,,False,,,activities/12888783211.gpx,,,6533.0,108.56666666666666,21894.69921875,10.0,3.361176013946533,28.14892196655273,28.14892196655273,4.199999809265137,14.699999809265137,3.9682538509368896,-0.0091346306726336,,,,,,,,,,,,,,,,,,,,,,,,,0.0,,1.0,21932.19921875,,,,,,,,,,,,,,,,,,,,,,,,,,0.0,3.35140061378479,3691.699951171875,,,,16938.0,,,,,3.3669328689575195,,,
12914968379,"Nov 15, 2024, 2:57:56 PM",Afternoon Run,Run,,1918.0,5:10,6.18,189.0,,False,,,activities/12914968379.gpx,,,1918.0,31.966666666666665,6184.18994140625,6.960000038146973,3.2242908477783203,54.58536529541016,54.58536529541016,13.699999809265137,56.5,6.86274528503418,-0.0048510720953345,,,,,,,,,,,,,,,,,,,,,,,,,0.0,,1.0,6238.7001953125,,,,,,,,,,,,,,,,,,,,,,,,,,0.0,3.2242908477783203,5593.89990234375,,,,4932.0,,,,,3.252711057662964,,,
12934118408,"Nov 17, 2024, 2:41:32 PM",Afternoon Run,Run,,1242.0,4:57,3.31,188.0,,False,,,activities/12934118408.gpx,,,1242.0,16.4,3317.219970703125,5.886666774749756,3.371158599853516,25.839574813842773,25.84214782714844,29.0,56.09999847412109,49.30232620239258,-0.4280718564987182,,,,,,,,,,,,,,,,,,,,,,,,,0.0,,1.0,3332.0,,,,,,,,,,,,,,,,,,,,,,,,,,0.0,2.6708695888519287,2883.800048828125,,,,3136.0,,,,,3.386178970336914,,,
12949767366,"Nov 20, 2024, 4:14:17 PM",Evening Run,Run,,1398.0,4:35,5.06,187.0,,False,,,activities/12949767366.gpx,,,1398.0,23.216666666666665,5062.669921875,5.573333263397217,3.634364604949951,46.30731201171875,46.30731201171875,15.100000381469728,56.09999847412109,9.090909004211426,-0.1204890683293342,,,,,,,,,,,,,,,,,,,,,,,,,0.0,,1.0,5096.10009765625,,,,,,,,,,,,,,,,,,,,,,,,,,0.0,3.621366262435913,4915.60009765625,,,,3732.0,,,,,3.658363342285156,,,
12949767552,"Nov 19, 2024, 6:10:11 AM",Morning Run,Run,,2397.0,5:05,7.8,186.0,,False,,,activities/12949767552.gpx,,,2397.0,39.75,7802.77001953125,5.820000171661377,3.271601676940918,19.01518821716309,19.01518821716309,19.100000381469727,24.0,22.77432632446289,0.0,,,,,,,,,,,,,,,,,,,,,,,,,0.0,,1.0,7825.2001953125,,,,,,,,,,,,,,,,,,,,,,,,,,0.0,3.255223274230957,6809.2001953125,,,,6266.0,,,,,3.281006336212158,,,
12949767574,"Nov 21, 2024, 5:00:52 AM",Morning Run,Run,,4241.0,4:42,15.01,185.0,,False,,,activities/12949767574.gpx,,,4241.0,70.68333333333334,15011.7802734375,5.900000095367432,3.539679288864136,115.99070739746094,115.99070739746094,12.300000190734863,56.09999847412109,8.333333015441895,-0.0053291409276425,,,,,,,,,,,,,,,,,,,,,,,,,0.0,,1.0,15121.599609375,,,,,,,,,,,,,,,,,,,,,,,,,,0.0,3.539679288864136,10388.0,,,,11252.0,,,,,3.5655741691589355,,,
12969650708,"Nov 24, 2024, 4:28:10 AM",Morning Run,Run,,4229.0,4:41,15.02,195.0,,False,,,activities/12969650708.gpx,,,4229.0,70.38333333333334,15020.25,5.980000019073486,3.556772470474243,116.38233184814452,116.38233184814452,12.300000190734863,56.5,7.531380653381348,-0.0079891877248883,,,,,,,,,,,,,,,,,,,,,,,,,0.0,,1.0,15129.2001953125,,,,,,,,,,,,,,,,,,,,,,,,,,0.0,3.5517261028289795,10061.400390625,,,,11098.0,,,,,3.5825717449188232,,,
12984813748,"Nov 26, 2024, 4:58:25 AM",Morning Run,Run,,3390.0,4:41,12.02,194.0,,False,,,activities/12984813748.gpx,,,3390.0,56.35,12027.7197265625,6.360000133514404,3.5574445724487305,66.50433349609375,66.50433349609375,12.300000190734863,56.09999847412109,6.382978916168213,-0.2394472807645797,,,,,,,,,,,,,,,,,,,,,,,,,0.0,,1.0,12030.7998046875,,,,,,,,,,,,,,,,,,,,,,,,,,0.0,3.547999858856201,6761.7998046875,,,,9028.0,,,,,3.558355569839477,,,
13016939742,"Nov 30, 2024, 2:20:05 PM",Afternoon Run,Run,,5038.0,5:23,15.01,193.0,,False,,,activities/13016939742.gpx,,,5038.0,80.86666666666666,15011.0703125,5.099999904632568,3.093790292739868,115.8367919921875,115.84232330322266,12.300000190734863,56.09999847412109,9.722222328186035,-0.0479645058512687,,,,,,,,,,,,,,,,,,,,,,,,,0.0,,1.0,15120.7001953125,,,,,,,,,,,,,,,,,,,,,,,,,,0.0,2.979569435119629,8945.099609375,,,,12792.0,,,,,3.116384983062744,,,
13039965578,"Dec 3, 2024, 2:07:43 PM",Afternoon Run,Run,,3535.0,4:33,12.87,192.0,,False,,,activities/13039965578.gpx,,,3535.0,58.766666666666666,12876.7099609375,6.079999923706055,3.6519312858581534,91.0320281982422,91.0320281982422,12.300000190734863,56.09999847412109,10.684931755065918,-0.0543617531657218,,,,,,,,,,,,,,,,,,,,,,,,,0.0,,1.0,12958.0,,,,,,,,,,,,,,,,,,,,,,,,,,0.0,3.64263367652893,7967.5,,,,9284.0,,,,,3.674985885620117,,,
13059430374,"Dec 6, 2024, 1:50:41 PM",Afternoon Run,Run,,5370.0,4:51,18.02,191.0,,False,,,activities/13059430374.gpx,,,5370.0,87.41666666666667,18021.5390625,5.953333377838135,3.435946464538574,121.70734405517578,121.70734405517578,6.5,56.09999847412109,10.256410598754885,-0.0144272120669484,,,,,,,,,,,,,,,,,,,,,,,,,0.0,,1.0,18154.69921875,,,,,,,,,,,,,,,,,,,,,,,,,,0.0,3.355966329574585,13046.400390625,,,,13882.0,,,,,3.461334705352783,,,
13073796566,"Dec 8, 2024, 4:16:43 PM",Evening Run,Run,,2092.0,4:51,7.02,190.0,,False,,,activities/13073796566.gpx,,,2092.0,34.05,7028.6298828125,6.179999828338623,3.44034743309021,44.58512878417969,44.58512878417969,19.39999961853028,56.09999847412109,11.11111068725586,-0.0298779271543025,,,,,,,,,,,,,,,,,,,,,,,,,0.0,,1.0,7088.7998046875,,,,,,,,,,,,,,,,,,,,,,,,,,0.0,3.3597657680511475,4048.199951171875,,,,5324.0,,,,,3.469799280166626,,,
13107820686,"Dec 13, 2024, 1:39:32 PM",Afternoon Run,Run,,7831.0,5:09,25.02,189.0,,False,,,activities/13107820686.gpx,,,7831.0,129.25,25025.830078125,5.440000057220459,3.227057456970215,206.2777404785156,206.2777404785156,5.800000190734863,56.09999847412109,12.403100967407228,0.009590103290975,,,,,,,,,,,,,,,,,,,,,,,,,0.0,,1.0,25296.5,,,,,,,,,,,,,,,,,,,,,,,,,,0.0,3.1957387924194336,19673.30078125,,,,20376.0,,,,,3.261960029602051,,,
13127419682,"Dec 15, 2024, 2:24:44 PM",Afternoon Run,Run,,1065.0,7:05,2.47,188.0,,False,,,activities/13127419682.gpx,,,1065.0,17.533333333333335,2477.419921875,3.866666555404663,2.35496187210083,11.743430137634276,11.743430137634276,6.800000190734863,17.200000762939453,8.727272987365723,0.1009122431278228,,,,,,,,,,,,,,,,,,,,,,,,,0.0,,1.0,2507.300048828125,,,,,,,,,,,,,,,,,,,,,,,,,,0.0,2.326215982437134,2283.10009765625,,,,2570.0,,,,,2.3833649158477783,,,
13127419701,"Dec 15, 2024, 1:25:53 PM",Afternoon Run,Run,,2978.0,4:57,10.01,187.0,,False,,,activities/13127419701.gpx,,,2978.0,49.63333333333333,10017.7197265625,5.739999771118164,3.363908529281616,41.90822219848633,41.90822219848633,5.599999904632568,56.09999847412109,7.692307472229004,-0.469169557094574,,,,,,,,,,,,,,,,,,,,,,,,,0.0,,1.0,9977.599609375,,,,,,,,,,,,,,,,,,,,,,,,,,0.0,3.363908529281616,7104.7998046875,,,,7806.0,,,,,3.350436449050904,,,
13140523910,"Dec 17, 2024, 1:35:02 PM",Afternoon Run,Run,,4513.0,4:57,15.02,186.0,,False,,,activities/13140523910.gpx,,,4513.0,74.5,15026.9697265625,5.71999979019165,3.3617382049560547,103.8507308959961,103.8628158569336,6.400000095367432,56.09999847412109,10.42654037475586,-0.0099820327013731,,,,,,,,,,,,,,,,,,,,,,,,,0.0,,1.0,15144.099609375,,,,,,,,,,,,,,,,,,,,,,,,,,0.0,3.329707384109497,14845.2998046875,,,,11756.0,,,,,3.387941837310791,,,
13182194542,"Dec 23, 2024, 6:55:54 AM",Morning Run,Run,,4331.0,5:06,14.02,178.0,204.0,False,,,activities/13182194542.gpx,,,4331.0,71.7,14024.5,5.539999961853027,3.259995460510254,103.92717742919922,103.92717742919922,6.900000095367432,56.5,8.474575996398926,-0.0192520227283239,,,,,178.0,169.30361938476562,,,,,,204.0,,,,,,,,,,,,,0.0,,1.0,14132.5,,,,,,,,,,,,,,,,,,,,,,,,,,0.0,3.2381668090820312,11407.7998046875,,,,11282.0,,,,,3.285099983215332,,,
13182409286,"Dec 24, 2024, 1:42:39 PM",Afternoon Run,Run,,2624.0,4:21,10.01,190.0,164.0,False,,,activities/14058212323.fit.gz,,,2624.0,43.66666666666666,10016.3798828125,4.820000171661377,3.82304573059082,65.19999694824219,108.8000030517578,4.599999904632568,56.400001525878906,9.756097793579102,-0.455253392457962,,,,,190.0,178.55691528320312,,266.6577453613281,637.0,,,164.0,,,,,,,,,268.0,2625.0,,,0.0,,1.0,10022.2998046875,,,,,,,,,,,,,,,,,,,,,,,,,,0.0,3.8172178268432617,6982.89990234375,,,,7044.0,,,296.0,202.0,3.825305461883545,,,
13182409310,"Dec 24, 2024, 6:17:53 AM",Morning Yoga,Yoga,,3727.0,0:00,0.0,125.0,9.0,False,,,activities/14058212534.fit.gz,,,3727.0,62.11666666666667,0.0,0.0,0.0,0.0,0.0,0.0,0.0,0.0,0.0,,,,,125.0,99.28226470947266,,,354.0,,,9.0,,,,,,,,,,,,,0.0,,1.0,,,,,,,,,,,,,,,,,,,,,,,,,,,0.0,0.0,0.0,,,,,,,,,,,,
13182409429,"Dec 24, 2024, 5:11:37 AM",Morning Weight Training,Weight Training,,2689.0,0:00,0.0,148.0,8.0,False,,,activities/14058212600.fit.gz,,,2689.0,44.81666666666667,0.0,0.0,0.0,0.0,0.0,0.0,0.0,0.0,0.0,,,,,148.0,110.46746063232422,,,240.0,,,8.0,,,,,,,,,,,,,0.0,,1.0,,,,,,,,,,,,,,,,,,,,,,,,,,,0.0,0.0,0.0,,,,,,,,,,,,
13182409546,"Dec 24, 2024, 2:31:03 PM",Afternoon Run,Run,,1193.0,6:34,3.0,170.0,31.0,False,,,activities/14058212707.fit.gz,,,1193.0,19.75,3006.530029296875,3.640000104904175,2.537156105041504,21.39999961853028,15.600000381469728,4.400000095367432,13.600000381469728,10.380622863769531,0.1598614603281021,,,,,170.0,155.03280639648438,,193.878158569336,184.0,,,31.0,,,,,,,,,191.0,1194.0,,,0.0,,1.0,3054.699951171875,,,,,,,,,,,,,,,,,,,,,,,,,,0.0,2.5201425552368164,2804.10009765625,,,,2976.0,,,68.0,144.0,2.577805995941162,,,
13190945697,"Dec 26, 2024, 6:02:07 AM",Morning Weight Training,Weight Training,,3598.0,0:00,0.0,140.0,12.0,False,,,activities/14067453927.fit.gz,,,3598.0,59.96666666666667,0.0,0.0,0.0,0.0,0.0,0.0,0.0,0.0,0.0,,,,,140.0,115.36714935302734,,,335.0,,,12.0,,,,,,,,,,,,,0.0,,1.0,,,,,,,,,,,,,,,,,,,,,,,,,,,0.0,0.0,0.0,,,,,,,,,,,,
13194194274,"Dec 26, 2024, 1:27:40 PM",Afternoon Run,Run,,4988.0,4:36,18.02,180.0,273.0,False,,,activities/14070930001.fit.gz,,,4988.0,83.06666666666666,18024.890625,5.039999961853027,3.616551160812378,157.39999389648438,158.39999389648438,4.199999809265137,60.20000076293945,9.404388427734377,-0.0122078442946076,,,,,180.0,172.5931396484375,,258.8869934082031,1161.0,,,273.0,,,,,,,,,261.0,4989.0,,,0.0,,1.0,18232.69921875,,,,,,,,,,,,,,,,,,,,,,,,,,0.0,3.613650798797608,13015.599609375,,,,13258.0,,,414.0,173.0,3.6582462787628174,,,
13198293280,"Dec 27, 2024, 6:10:54 AM",Morning Weight Training,Weight Training,,3236.0,0:00,0.0,151.0,10.0,False,,,activities/14075332869.fit.gz,,,3236.0,53.93333333333333,0.0,0.0,0.0,0.0,0.0,0.0,0.0,0.0,0.0,,,,,151.0,110.88844299316406,,,288.0,,,10.0,,,,,,,,,,,,,0.0,,1.0,,,,,,,,,,,,,,,,,,,,,,,,,,,0.0,0.0,0.0,,,,,,,,,,,,
13198419861,"Dec 22, 2024, 7:27:26 AM",Morning Weight Training,Weight Training,,2976.0,0:00,0.0,132.0,8.0,False,,,activities/14075472780.fit.gz,,,2976.0,49.6,0.0,0.0,0.0,0.0,0.0,0.0,0.0,0.0,0.0,,,,,132.0,103.596435546875,,,229.0,,,8.0,,,,,,,,,,,,,0.0,,1.0,,,,,,,,,,,,,,,,,,,,,,,,,,,0.0,0.0,0.0,,,,,,,,,,,,
13212981688,"Dec 29, 2024, 5:09:35 AM",Morning Weight Training,Weight Training,,2286.0,0:00,0.0,129.0,6.0,False,,,activities/14091139827.fit.gz,,,2286.0,38.1,0.0,0.0,0.0,0.0,0.0,0.0,0.0,0.0,0.0,,,,,129.0,105.33727264404295,,,189.0,,,6.0,,,,,,,,,,,,,0.0,,1.0,,,,,,,,,,,,,,,,,,,,,,,,,,,0.0,0.0,0.0,,,,,,,,,,,,
13220798262,"Dec 30, 2024, 5:19:46 AM",Morning Weight Training,Weight Training,,2747.0,0:00,0.0,139.0,8.0,False,,,activities/14099610331.fit.gz,,,2747.0,45.78333333333333,0.0,0.0,0.0,0.0,0.0,0.0,0.0,0.0,0.0,,,,,139.0,112.01747131347656,,,251.0,,,8.0,,,,,,,,,,,,,0.0,,1.0,,,,,,,,,,,,,,,,,,,,,,,,,,,0.0,0.0,0.0,,,,,,,,,,,,
13228472954,"Dec 31, 2024, 6:14:51 AM",Morning Yoga,Yoga,,4165.0,0:00,0.0,121.0,9.0,False,,,activities/14107916360.fit.gz,,,4165.0,69.41666666666667,0.0,0.0,0.0,0.0,0.0,0.0,0.0,0.0,0.0,,,,,121.0,94.11524963378906,,,343.0,,,9.0,,,,,,,,,,,,,0.0,,1.0,,,,,,,,,,,,,,,,,,,,,,,,,,,0.0,0.0,0.0,,,,,,,,,,,,
13231953204,"Dec 31, 2024, 2:21:50 PM",Afternoon Run,Run,,1139.0,6:34,2.86,169.0,26.0,False,,,activities/14111666495.fit.gz,,,1139.0,18.8,2863.860107421875,3.9800000190734863,2.5388829708099365,32.400001525878906,29.600000381469727,34.599998474121094,52.20000076293945,16.66666603088379,0.0700108483433723,,,,,169.0,152.8529052734375,,189.50543212890625,177.0,,,26.0,,,,,,,,,188.0,1140.0,,,0.0,,1.0,2924.10009765625,,,,,,,,,,,,,,,,,,,,,,,,,,0.0,2.5143635272979736,2257.39990234375,,,,2766.0,,,49.0,125.0,2.592287302017212,,,
13231953296,"Dec 31, 2024, 1:03:58 PM",Afternoon Run,Run,,4569.0,4:53,15.54,180.0,216.0,False,,,activities/14111666488.fit.gz,,,4569.0,76.08333333333333,15548.2001953125,5.039999961853027,3.405958414077759,128.39999389648438,129.60000610351562,7.400000095367432,57.79999923706055,9.11854076385498,-0.0167267117649316,,,,,180.0,168.8333282470703,,244.382080078125,999.0,,,216.0,,,,,,,,,247.0,4570.0,,,0.0,,1.0,15723.2998046875,,,,,,,,,,,,,,,,,,,,,,,,,,0.0,3.4029765129089355,12781.0,,,,12100.0,,,340.0,164.0,3.4443154335021973,,,
13236129224,"Jan 1, 2025, 5:08:37 AM",Morning Weight Training,Weight Training,,4372.0,0:00,0.0,148.0,11.0,False,,,activities/14116249691.fit.gz,,,4372.0,72.86666666666666,0.0,0.0,0.0,0.0,0.0,0.0,0.0,0.0,0.0,,,,,148.0,102.12786102294922,,,346.0,,,11.0,,,,,,,,,,,,,0.0,,1.0,,,,,,,,,,,,,,,,,,,,,,,,,,,0.0,0.0,0.0,,,,,,,,,,,,
13239113277,"Jan 1, 2025, 2:41:37 PM",Afternoon Run,Run,,2068.0,4:53,7.03,169.0,72.0,False,,,activities/14119520134.fit.gz,,,2068.0,34.416666666666664,7038.08984375,4.860000133514404,3.408275842666626,62.400001525878906,61.79999923706055,19.200000762939453,60.400001525878906,19.35483932495117,0.0227334089577198,,,,,169.0,162.51963806152344,,245.6534118652344,455.0,,,72.0,,,,,,,,,248.0,2069.0,,,0.0,,1.0,7134.2998046875,,,,,,,,,,,,,,,,,,,,,,,,,,0.0,3.403331756591797,4113.7001953125,,,,5564.0,,,154.0,164.0,3.454866886138916,,,
13243628070,"Jan 2, 2025, 5:57:18 AM",Morning Weight Training,Weight Training,,3901.0,0:00,0.0,149.0,13.0,False,,,activities/14124397317.fit.gz,,,3901.0,65.01666666666667,0.0,0.0,0.0,0.0,0.0,0.0,0.0,0.0,0.0,,,,,149.0,113.49372100830078,,,354.0,,,13.0,,,,,,,,,,,,,0.0,,1.0,,,,,,,,,,,,,,,,,,,,,,,,,,,0.0,0.0,0.0,,,,,,,,,,,,
13246666829,"Jan 2, 2025, 12:58:39 PM",Afternoon Run,Run,,6706.0,5:04,22.03,180.0,331.0,False,,,activities/14127699018.fit.gz,,,6706.0,111.76666666666668,22036.349609375,4.260000228881836,3.286064624786377,180.6000061035156,180.6000061035156,5.599999904632568,58.59999847412109,10.041840553283691,-0.0045394296757876,,,,,180.0,169.86776733398438,,235.4252166748047,1401.0,,,331.0,,,,,,,,,237.0,6707.0,,,0.0,,1.0,22286.80078125,,,,,,,,,,,,,,,,,,,,,,,,,,0.0,3.286064624786377,16598.400390625,,,,17896.0,,,459.0,157.0,3.3234119415283203,,,
13269589575,"Jan 5, 2025, 5:07:42 AM",Morning Weight Training,Weight Training,,3485.0,0:00,0.0,131.0,9.0,False,,,activities/14152326405.fit.gz,,,3485.0,58.083333333333336,0.0,0.0,0.0,0.0,0.0,0.0,0.0,0.0,0.0,,,,,131.0,104.69124603271484,,,274.0,,,9.0,,,,,,,,,,,,,0.0,,1.0,,,,,,,,,,,,,,,,,,,,,,,,,,,0.0,0.0,0.0,,,,,,,,,,,,
13273545761,"Jan 5, 2025, 1:12:09 PM",Afternoon Run,Run,,4432.0,4:55,15.0,182.0,231.0,False,,,activities/14156600132.fit.gz,,,4432.0,73.8,15004.0302734375,5.260000228881836,3.388443946838379,93.8000030517578,138.8000030517578,5.199999809265137,56.59999847412109,8.69565200805664,-0.3093890249729156,,,,,182.0,171.0487060546875,,239.54010009765625,956.0,,,231.0,,,,,,,,,241.0,4433.0,,,0.0,,1.0,15043.5,,,,,,,,,,,,,,,,,,,,,,,,,,0.0,3.3853859901428223,12106.400390625,,,,11628.0,,,314.0,160.0,3.397357702255249,,,
13273548394,"Jan 5, 2025, 2:33:19 PM",Afternoon Run,Run,,1201.0,6:42,2.98,171.0,31.0,False,,,activities/14156603053.fit.gz,,,1201.0,19.966666666666665,2985.219970703125,4.733333110809326,2.4918363094329834,17.200000762939453,19.200000762939453,4.800000190734863,13.600000381469728,8.0,-0.0870963409543037,,,,,171.0,154.9263153076172,,180.65701293945312,175.0,,,31.0,,,,,,,,,179.0,1202.0,,,0.0,,1.0,3009.199951171875,,,,,,,,,,,,,,,,,,,,,,,,,,0.0,2.485611915588379,2783.89990234375,,,,3090.0,,,47.0,119.0,2.511852979660034,,,
13287453997,"Jan 7, 2025, 5:15:19 AM",Morning Weight Training,Weight Training,,2981.0,0:00,0.0,148.0,10.0,False,,,activities/14171569723.fit.gz,,,2981.0,49.68333333333333,0.0,0.0,0.0,0.0,0.0,0.0,0.0,0.0,0.0,,,,,148.0,114.34988403320312,,,298.0,,,10.0,,,,,,,,,,,,,0.0,,1.0,,,,,,,,,,,,,,,,,,,,,,,,,,,0.0,0.0,0.0,,,,,,,,,,,,
13287454025,"Jan 7, 2025, 6:12:11 AM",Morning Yoga,Yoga,,3982.0,0:00,0.0,127.0,10.0,False,,,activities/14171569724.fit.gz,,,3982.0,66.36666666666666,0.0,0.0,0.0,0.0,0.0,0.0,0.0,0.0,0.0,,,,,127.0,102.87694549560548,,,396.0,,,10.0,,,,,,,,,,,,,0.0,,1.0,,,,,,,,,,,,,,,,,,,,,,,,,,,0.0,0.0,0.0,,,,,,,,,,,,
13291008115,"Jan 7, 2025, 2:13:23 PM",Afternoon Run,Run,,5766.0,5:19,18.03,176.0,245.0,False,,,activities/14175427330.fit.gz,,,5766.0,96.05,18032.130859375,4.300000190734863,3.12894868850708,147.0,148.1999969482422,5.400000095367432,58.20000076293945,9.433961868286133,-0.0166369043290615,,,,,176.0,166.7022247314453,,224.6869354248047,1153.0,,,245.0,,,,,,,,,227.0,5767.0,,,0.0,,1.0,18227.30078125,,,,,,,,,,,,,,,,,,,,,,,,,,0.0,3.1273207664489746,12949.7001953125,,,,15096.0,,,361.0,150.0,3.1628146171569824,,,
13296447296,"Jan 8, 2025, 5:06:22 AM",Morning Weight Training,Weight Training,,3466.0,0:00,0.0,139.0,11.0,False,,,activities/14181189453.fit.gz,,,3466.0,57.766666666666666,0.0,0.0,0.0,0.0,0.0,0.0,0.0,0.0,0.0,,,,,139.0,112.58309173583984,,,305.0,,,11.0,,,,,,,,,,,,,0.0,,1.0,,,,,,,,,,,,,,,,,,,,,,,,,,,0.0,0.0,0.0,,,,,,,,,,,,
13305127835,"Jan 9, 2025, 5:06:41 AM",Morning Weight Training,Weight Training,,3569.0,0:00,0.0,139.0,10.0,False,,,activities/14190464583.fit.gz,,,3569.0,59.48333333333333,0.0,0.0,0.0,0.0,0.0,0.0,0.0,0.0,0.0,,,,,139.0,108.8982925415039,,,319.0,,,10.0,,,,,,,,,,,,,0.0,,1.0,,,,,,,,,,,,,,,,,,,,,,,,,,,0.0,0.0,0.0,,,,,,,,,,,,
13308534076,"Jan 9, 2025, 1:04:18 PM",Afternoon Run,Run,,8467.0,5:25,26.01,181.0,439.0,False,,,activities/14194164289.fit.gz,,,8467.0,141.05,26015.4296875,4.4666666984558105,3.0740199089050293,214.3999938964844,212.6000061035156,6.199999809265137,58.59999847412109,13.559322357177734,0.0015375508228316,,,,,181.0,170.84681701660156,,222.0585174560547,1754.0,,,439.0,,,,,,,,,224.0,8468.0,,,0.0,,1.0,26351.69921875,,,,,,,,,,,,,,,,,,,,,,,,,,0.0,3.0725674629211426,21003.599609375,,,,22244.0,,,516.0,148.0,3.1137540340423584,,,
13330695752,"Jan 12, 2025, 5:05:08 AM",Morning Weight Training,Weight Training,,4104.0,0:00,0.0,139.0,11.0,False,,,activities/14217931299.fit.gz,,,4104.0,68.4,0.0,0.0,0.0,0.0,0.0,0.0,0.0,0.0,0.0,,,,,139.0,103.87012481689452,,,330.0,,,11.0,,,,,,,,,,,,,0.0,,1.0,,,,,,,,,,,,,,,,,,,,,,,,,,,0.0,0.0,0.0,,,,,,,,,,,,
13334940326,"Jan 12, 2025, 12:46:30 PM",Afternoon Run,Run,,3493.0,4:43,12.0,183.0,168.0,False,,,activities/14222503001.fit.gz,,,3493.0,56.73333333333333,12006.2802734375,4.880000114440918,3.527109384536743,85.5999984741211,129.60000610351562,3.5999999046325684,61.79999923706055,40.5405387878418,-0.3589321672916412,,,,,183.0,170.04623413085938,,249.5839233398437,773.0,,,168.0,,,,,,,,,249.0,3494.0,,,0.0,,1.0,12108.400390625,,,,,,,,,,,,,,,,,,,,,,,,,,0.0,3.4372403621673584,9453.0,,,,8990.0,,,264.0,165.0,3.5571093559265137,,,
13334940438,"Jan 12, 2025, 1:46:39 PM",Afternoon Run,Run,,1333.0,6:40,3.29,179.0,56.0,False,,,activities/14222503135.fit.gz,,,1333.0,21.966666666666665,3296.169921875,4.199999809265137,2.500887632369995,30.39999961853028,28.0,11.800000190734863,34.20000076293945,28.20976448059082,0.0544843673706054,,,,,179.0,166.5985870361328,,185.43533325195312,202.0,,,56.0,,,,,,,,,185.0,1334.0,,,0.0,,1.0,3357.5,,,,,,,,,,,,,,,,,,,,,,,,,,0.0,2.472745656967163,3022.800048828125,,,,3278.0,,,55.0,123.0,2.5474202632904053,,,
13340295308,"Jan 13, 2025, 4:57:59 AM",Morning Weight Training,Weight Training,,3497.0,0:00,0.0,142.0,10.0,False,,,activities/14228260935.fit.gz,,,3497.0,58.28333333333333,0.0,0.0,0.0,0.0,0.0,0.0,0.0,0.0,0.0,,,,,142.0,106.2479248046875,,,299.0,,,10.0,,,,,,,,,,,,,0.0,,1.0,,,,,,,,,,,,,,,,,,,,,,,,,,,0.0,0.0,0.0,,,,,,,,,,,,
13349692638,"Jan 14, 2025, 6:13:43 AM",Morning Yoga,Yoga,,4016.0,0:00,0.0,120.0,8.0,False,,,activities/14238350241.fit.gz,,,4016.0,66.93333333333334,0.0,0.0,0.0,0.0,0.0,0.0,0.0,0.0,0.0,,,,,120.0,89.71937561035156,,,333.0,,,8.0,,,,,,,,,,,,,0.0,,1.0,,,,,,,,,,,,,,,,,,,,,,,,,,,0.0,0.0,0.0,,,,,,,,,,,,
13352949971,"Jan 14, 2025, 2:06:28 PM",Afternoon Run,Run,,3984.0,5:06,12.82,181.0,154.0,True,,,activities/14241869457.fit.gz,,,3984.0,65.38333333333334,12822.7197265625,5.920000076293945,3.2686004638671875,48.59999847412109,48.400001525878906,17.200000762939453,23.799999237060547,25.069637298583984,0.0062389355152845,,,,,181.0,163.3362579345703,,236.09933471679688,795.0,,,154.0,,,,,,,,,245.0,3985.0,0.0,,1.0,,1.0,12907.7001953125,,,,,,,,,,,,,,,,,,,,,,,,,,0.0,3.2185542583465576,12822.7001953125,,,,10270.0,2.788800001144409,,290.0,162.0,3.290262460708618,,,
13358829553,"Jan 15, 2025, 5:55:45 AM",Morning Weight Training,Weight Training,,3149.0,0:00,0.0,137.0,8.0,False,,,activities/14248126253.fit.gz,,,3149.0,52.48333333333333,0.0,0.0,0.0,0.0,0.0,0.0,0.0,0.0,0.0,,,,,137.0,104.51984405517578,,,259.0,,,8.0,,,,,,,,,,,,,0.0,,1.0,,,,,,,,,,,,,,,,,,,,,,,,,,,0.0,0.0,0.0,,,,,,,,,,,,
13362209383,"Jan 15, 2025, 2:35:06 PM",Afternoon Run,Run,,3256.0,5:23,10.01,179.0,99.0,False,,,activities/14251782164.fit.gz,,,3256.0,53.91666666666666,10009.7998046875,4.940000057220459,3.094219446182251,65.0,66.19999694824219,5.599999904632568,28.799999237060547,8.849557876586914,0.0079871406778693,,,,,179.0,160.04319763183594,,223.5916748046875,636.0,,,99.0,,,,,,,,,224.0,3258.0,,,0.0,,1.0,10124.2001953125,,,,,,,,,,,,,,,,,,,,,,,,,,0.0,3.074262857437134,9854.2001953125,,,,8506.0,,,198.0,148.0,3.129582643508911,,,
13367639536,"Jan 16, 2025, 5:25:28 AM",Morning Weight Training,Weight Training,,2965.0,0:00,0.0,146.0,10.0,False,,,activities/14257566926.fit.gz,,,2965.0,49.41666666666666,0.0,0.0,0.0,0.0,0.0,0.0,0.0,0.0,0.0,,,,,146.0,115.6711654663086,,,309.0,,,10.0,,,,,,,,,,,,,0.0,,1.0,,,,,,,,,,,,,,,,,,,,,,,,,,,0.0,0.0,0.0,,,,,,,,,,,,
13379227685,"Jan 17, 2025, 11:42:36 AM",Afternoon Run,Run,,10242.0,5:24,30.01,180.0,397.0,False,,,activities/14270057235.fit.gz,,,10242.0,162.21666666666667,30012.0390625,6.153333187103272,3.083534240722656,69.5999984741211,71.5999984741211,5.599999904632568,17.600000381469727,7.779578685760498,-0.0065780817531049,,,,,180.0,165.3475799560547,,222.6288146972656,1874.0,,,397.0,,,,,,,,,219.0,10243.0,,,0.0,,1.0,30486.0,,,,,,,,,,,,,,,,,,,,,,,,,,0.0,2.930290937423706,5550.10009765625,,,,25814.0,,,598.0,145.0,3.132230520248413,,,
13393383863,"Jan 19, 2025, 5:01:00 AM",Morning Weight Training,Weight Training,,4377.0,0:00,0.0,141.0,12.0,False,,,activities/14285378607.fit.gz,,,4377.0,72.95,0.0,0.0,0.0,0.0,0.0,0.0,0.0,0.0,0.0,,,,,141.0,105.70024871826172,,,395.0,,,12.0,,,,,,,,,,,,,0.0,,1.0,,,,,,,,,,,,,,,,,,,,,,,,,,,0.0,0.0,0.0,,,,,,,,,,,,
13410981332,"Jan 21, 2025, 4:54:52 AM",Morning Weight Training,Weight Training,,2626.0,0:00,0.0,133.0,7.0,False,,,activities/14304433011.fit.gz,,,2626.0,43.766666666666666,0.0,0.0,0.0,0.0,0.0,0.0,0.0,0.0,0.0,,,,,133.0,107.73343658447266,,,234.0,,,7.0,,,,,,,,,,,,,0.0,,1.0,,,,,,,,,,,,,,,,,,,,,,,,,,,0.0,0.0,0.0,,,,,,,,,,,,
13414624377,"Jan 21, 2025, 1:21:30 PM",Afternoon Run,Run,,4691.0,4:52,16.01,179.0,156.0,False,,,activities/14308395659.fit.gz,,,4691.0,78.13333333333334,16009.919921875,4.739999771118164,3.4150853157043457,127.0,166.39999389648438,4.599999904632568,56.20000076293945,9.486166000366213,-0.2562227845191955,,,,,179.0,160.2057647705078,,243.40213012695312,1022.0,,,156.0,,,,,,,,,246.0,4692.0,,,0.0,,1.0,16109.400390625,,,,,,,,,,,,,,,,,,,,,,,,,,0.0,3.4129014015197754,12060.900390625,,,,12374.0,,,346.0,163.0,3.436305522918701,,,
13414624437,"Jan 21, 2025, 2:46:47 PM",Afternoon Run,Run,,1503.0,6:17,3.97,155.0,38.0,False,,,activities/14308395665.fit.gz,,,1503.0,25.0,3972.159912109375,3.68666672706604,2.648106575012207,33.79999923706055,32.400001525878906,9.0,35.79999923706055,9.345794677734377,0.0050349934026598,,,,,155.0,151.39157104492188,,192.2008056640625,248.0,,,38.0,,,,,,,,,194.0,1504.0,,,0.0,,1.0,4025.89990234375,,,,,,,,,,,,,,,,,,,,,,,,,,0.0,2.6428210735321045,3951.39990234375,,,,3960.0,,,68.0,128.0,2.6839332580566406,,,
13420132588,"Jan 22, 2025, 4:39:32 AM",Morning Weight Training,Weight Training,,3223.0,0:00,0.0,136.0,8.0,False,,,activities/14314258053.fit.gz,,,3223.0,53.71666666666667,0.0,0.0,0.0,0.0,0.0,0.0,0.0,0.0,0.0,,,,,136.0,104.32112884521484,,,273.0,,,8.0,,,,,,,,,,,,,0.0,,1.0,,,,,,,,,,,,,,,,,,,,,,,,,,,0.0,0.0,0.0,,,,,,,,,,,,
13429648851,"Jan 23, 2025, 8:06:56 AM",Morning Weight Training,Weight Training,,3335.0,0:00,0.0,125.0,8.0,False,,,activities/14324557500.fit.gz,,,3335.0,55.583333333333336,0.0,0.0,0.0,0.0,0.0,0.0,0.0,0.0,0.0,,,,,125.0,101.4170913696289,,,261.0,,,8.0,,,,,,,,,,,,,0.0,,1.0,,,,,,,,,,,,,,,,,,,,,,,,,,,0.0,0.0,0.0,,,,,,,,,,,,
13432112412,"Jan 23, 2025, 2:26:14 PM",Afternoon Run,Run,,1804.0,6:27,4.64,160.0,47.0,False,,,activities/14327254874.fit.gz,,,1804.0,29.98333333333333,4642.9501953125,3.5,2.580850601196289,21.600000381469727,20.39999961853028,10.800000190734863,26.39999961853028,9.708738327026367,0.0689268931746482,,,,,160.0,152.3549041748047,,188.765625,287.0,,,47.0,,,,,,,,,190.0,1805.0,,,0.0,,1.0,4697.0,,,,,,,,,,,,,,,,,,,,,,,,,,0.0,2.573697328567505,4642.60009765625,,,,4742.0,,,79.0,126.0,2.6108949184417725,,,
13432112414,"Jan 23, 2025, 1:40:53 PM",Afternoon Run,Run,,2123.0,5:00,7.05,170.0,69.0,False,,,activities/14327254869.fit.gz,,,2123.0,35.333333333333336,7057.72021484375,4.71999979019165,3.329113245010376,44.59999847412109,43.79999923706055,9.800000190734863,26.799999237060547,9.6256685256958,0.0056681307032704,,,,,170.0,159.62022399902344,,239.02267456054688,446.0,,,69.0,,,,,,,,,240.0,2124.0,,,0.0,,1.0,7125.5,,,,,,,,,,,,,,,,,,,,,,,,,,0.0,3.324409008026123,7057.0,,,,5614.0,,,149.0,159.0,3.3610849380493164,,,
13453959393,"Jan 26, 2025, 5:11:00 AM",Wight training,Weight Training,,3600.0,0:00,0.0,,,False,,,,,,3600.0,60.0,0.0,,0.0,,,,,,0.0,,,,,,,,,,,,,,,,,,,,,,,,,0.0,,0.0,,,,,,,,,,,,,,,,,,,,,,,,,,,0.0,0.0,0.0,,,,,,,,,,,,
13463133010,"Jan 27, 2025, 4:54:49 AM",Morning Weight Training,Weight Training,,3688.0,0:00,0.0,143.0,11.0,False,,,activities/14361016461.fit.gz,,,3688.0,61.46666666666667,0.0,0.0,0.0,0.0,0.0,0.0,0.0,0.0,0.0,,,,,143.0,112.0233154296875,,,334.0,,,11.0,,,,,,,,,,,,,0.0,,1.0,,,,,,,,,,,,,,,,,,,,,,,,,,,0.0,0.0,0.0,,,,,,,,,,,,
13471936922,"Jan 28, 2025, 6:16:31 AM",Morning Yoga,Yoga,,3959.0,0:00,0.0,148.0,12.0,False,,,activities/14370627407.fit.gz,,,3959.0,65.98333333333333,0.0,0.0,0.0,0.0,0.0,0.0,0.0,0.0,0.0,,,,,148.0,111.08361053466795,,,379.0,,,12.0,,,,,,,,,,,,,0.0,,1.0,,,,,,,,,,,,,,,,,,,,,,,,,,,0.0,0.0,0.0,,,,,,,,,,,,
13474999670,"Jan 28, 2025, 1:25:00 PM",Afternoon Run,Run,,4505.0,4:55,15.01,181.0,228.0,False,,,activities/14373995530.fit.gz,,,4505.0,73.83333333333333,15012.4599609375,5.261666774749756,3.388817071914673,112.4000015258789,152.60000610351562,4.599999904632568,56.59999847412109,15.384614944458008,-0.2645080685615539,,,,,181.0,170.24496459960938,,241.513900756836,968.0,,,228.0,,,,,,,,,243.0,4507.0,,,0.0,,1.0,15132.7001953125,,,,,,,,,,,,,,,,,,,,,,,,,,0.0,3.332399606704712,11085.2001953125,,,,11784.0,,,324.0,161.0,3.415959358215332,,,
13480814719,"Jan 29, 2025, 4:58:01 AM",Morning Weight Training,Weight Training,,3428.0,0:00,0.0,144.0,11.0,False,,,activities/14380225703.fit.gz,,,3428.0,57.13333333333333,0.0,0.0,0.0,0.0,0.0,0.0,0.0,0.0,0.0,,,,,144.0,114.23162078857422,,,334.0,,,11.0,,,,,,,,,,,,,0.0,,1.0,,,,,,,,,,,,,,,,,,,,,,,,,,,0.0,0.0,0.0,,,,,,,,,,,,
13489862312,"Jan 30, 2025, 4:57:06 AM",Morning Weight Training,Weight Training,,3931.0,0:00,0.0,133.0,10.0,False,,,activities/14390072571.fit.gz,,,3931.0,65.51666666666667,0.0,0.0,0.0,0.0,0.0,0.0,0.0,0.0,0.0,,,,,133.0,104.448486328125,,,316.0,,,10.0,,,,,,,,,,,,,0.0,,1.0,,,,,,,,,,,,,,,,,,,,,,,,,,,0.0,0.0,0.0,,,,,,,,,,,,
13501589451,"Jan 31, 2025, 11:39:28 AM",Afternoon Run,Run,,10901.0,5:24,33.01,180.0,480.0,False,,,activities/14402878119.fit.gz,,,10901.0,178.73333333333332,33013.48828125,7.146666526794434,3.078467845916748,88.0,85.5999984741211,2.5999999046325684,18.0,5.625,0.0024146714713424,,,,,180.0,167.44554138183594,,222.1060333251953,2038.0,,,480.0,,,,,,,,,221.0,10904.0,,,0.0,,1.0,33234.3984375,,,,,,,,,,,,,,,,,,,,,,,,,,0.0,3.028482437133789,2516.60009765625,,,,28176.0,,,647.0,146.0,3.099067449569702,,,
13515565194,"Feb 2, 2025, 4:55:07 AM",Morning Weight Training,Weight Training,,3880.0,0:00,0.0,138.0,11.0,False,,,activities/14418133950.fit.gz,,,3880.0,64.66666666666667,0.0,0.0,0.0,0.0,0.0,0.0,0.0,0.0,0.0,,,,,138.0,107.40721893310548,,,366.0,,,11.0,,,,,,,,,,,,,0.0,,1.0,,,,,,,,,,,,,,,,,,,,,,,,,,,0.0,0.0,0.0,,,,,,,,,,,,
13520512043,"Feb 2, 2025, 2:22:17 PM",Afternoon Run,Run,,3124.0,4:57,10.11,175.0,123.0,False,,,activities/14423544786.fit.gz,,,3124.0,50.083333333333336,10115.0498046875,4.726666450500488,3.36607313156128,48.400001525878906,47.400001525878906,5.599999904632568,24.799999237060547,9.876543045043944,0.0039449678733944,,,,,175.0,164.42495727539062,,242.3986053466797,633.0,,,123.0,,,,,,,,,240.0,3125.0,,,0.0,,1.0,10220.2001953125,,,,,,,,,,,,,,,,,,,,,,,,,,0.0,3.237852096557617,10139.5,,,,8054.0,,,219.0,159.0,3.401064872741699,,,
13525151166,"Feb 3, 2025, 4:48:07 AM",Morning Weight Training,Weight Training,,3663.0,0:00,0.0,130.0,8.0,False,,,activities/14428661558.fit.gz,,,3663.0,61.05,0.0,0.0,0.0,0.0,0.0,0.0,0.0,0.0,0.0,,,,,130.0,97.40731811523438,,,288.0,,,8.0,,,,,,,,,,,,,0.0,,1.0,,,,,,,,,,,,,,,,,,,,,,,,,,,0.0,0.0,0.0,,,,,,,,,,,,
121,"Feb 28, 2025, 7:20:04 AM",Morning Run,Run,,,5.21,42.2,167.0,,,,,,,,,13564.0,,,,50.0,,,,,,,,,,,165.0,,,,,,,,,,,,,,,,,,,,,,,,,,,,,,,,,,,,,,,,,,,,,,,,,,,,,,,,,,,,,,
